Count,URL
1008,https://parallel.life/cards/100100001
1009,https://parallel.life/cards/100100002
1010,https://parallel.life/cards/100100003
1011,https://parallel.life/cards/100100004
1012,https://parallel.life/cards/100100005
1013,https://parallel.life/cards/100100006
1014,https://parallel.life/cards/100100007
1015,https://parallel.life/cards/100100008
1016,https://parallel.life/cards/100100009
1017,https://parallel.life/cards/100100010
1018,https://parallel.life/cards/100100011
1019,https://parallel.life/cards/100100012
1020,https://parallel.life/cards/100100013
1021,https://parallel.life/cards/100100014
1022,https://parallel.life/cards/100100015
1023,https://parallel.life/cards/100100016
1024,https://parallel.life/cards/100100017
1025,https://parallel.life/cards/100100018
1026,https://parallel.life/cards/100100019
1027,https://parallel.life/cards/100100020
1028,https://parallel.life/cards/100100021
1029,https://parallel.life/cards/100100022
1030,https://parallel.life/cards/100100023
1031,https://parallel.life/cards/100100024
1032,https://parallel.life/cards/100100025
1033,https://parallel.life/cards/100100026
1034,https://parallel.life/cards/100100027
1035,https://parallel.life/cards/100100028
1036,https://parallel.life/cards/100100029
1037,https://parallel.life/cards/100100030
1038,https://parallel.life/cards/100100031
1039,https://parallel.life/cards/100100032
1040,https://parallel.life/cards/100100033