Count,URL
0,https://parallel.life/cards/100200007
1,https://parallel.life/cards/100200008
2,https://parallel.life/cards/100200009
3,https://parallel.life/cards/100200010
4,https://parallel.life/cards/100200011
5,https://parallel.life/cards/100200012
6,https://parallel.life/cards/100200013
7,https://parallel.life/cards/100200014
8,https://parallel.life/cards/100200015
9,https://parallel.life/cards/100200016
10,https://parallel.life/cards/100200017
11,https://parallel.life/cards/100200018
12,https://parallel.life/cards/100200019
13,https://parallel.life/cards/100200020
14,https://parallel.life/cards/100200021
15,https://parallel.life/cards/100200022
16,https://parallel.life/cards/100200023
17,https://parallel.life/cards/100200024
18,https://parallel.life/cards/100200025
19,https://parallel.life/cards/100200026
20,https://parallel.life/cards/100200027
21,https://parallel.life/cards/100200028
22,https://parallel.life/cards/100200029
23,https://parallel.life/cards/100200030
24,https://parallel.life/cards/100200031
25,https://parallel.life/cards/100200032
26,https://parallel.life/cards/100200033
27,https://parallel.life/cards/100200034
28,https://parallel.life/cards/100200035
29,https://parallel.life/cards/100200036
30,https://parallel.life/cards/100200037
31,https://parallel.life/cards/100200038
32,https://parallel.life/cards/100200039
33,https://parallel.life/cards/100200040
34,https://parallel.life/cards/100200041
35,https://parallel.life/cards/100200042
36,https://parallel.life/cards/100200043
37,https://parallel.life/cards/100200044
38,https://parallel.life/cards/100200045
39,https://parallel.life/cards/100200046
40,https://parallel.life/cards/100200047
41,https://parallel.life/cards/100200048
42,https://parallel.life/cards/100200049
43,https://parallel.life/cards/100200050
44,https://parallel.life/cards/100200051
45,https://parallel.life/cards/100200052
46,https://parallel.life/cards/100200053
47,https://parallel.life/cards/100200054
48,https://parallel.life/cards/100200055
49,https://parallel.life/cards/100200056
50,https://parallel.life/cards/100200057
51,https://parallel.life/cards/100200058
52,https://parallel.life/cards/100200059
53,https://parallel.life/cards/100200060
54,https://parallel.life/cards/100200061
55,https://parallel.life/cards/100200062
56,https://parallel.life/cards/100200063
57,https://parallel.life/cards/100200064
58,https://parallel.life/cards/100200065
59,https://parallel.life/cards/100200066
60,https://parallel.life/cards/100200067
61,https://parallel.life/cards/100200068
62,https://parallel.life/cards/100200069
63,https://parallel.life/cards/100200070
64,https://parallel.life/cards/100200071
65,https://parallel.life/cards/100200072
66,https://parallel.life/cards/100200073
67,https://parallel.life/cards/100200074
68,https://parallel.life/cards/100200075
69,https://parallel.life/cards/100200076
70,https://parallel.life/cards/100200077
71,https://parallel.life/cards/100200078
72,https://parallel.life/cards/100200079
73,https://parallel.life/cards/100200080
74,https://parallel.life/cards/100200081
75,https://parallel.life/cards/100200082
76,https://parallel.life/cards/100200083
77,https://parallel.life/cards/100200084
78,https://parallel.life/cards/100200085
79,https://parallel.life/cards/100200086
80,https://parallel.life/cards/100200087
81,https://parallel.life/cards/100200088
82,https://parallel.life/cards/100200089
83,https://parallel.life/cards/100200090
84,https://parallel.life/cards/100200091
85,https://parallel.life/cards/100200092
86,https://parallel.life/cards/100200093
87,https://parallel.life/cards/100200094
88,https://parallel.life/cards/100200095
89,https://parallel.life/cards/100200096
90,https://parallel.life/cards/100200097
91,https://parallel.life/cards/100200098
92,https://parallel.life/cards/100200099
93,https://parallel.life/cards/100200100
94,https://parallel.life/cards/100200101
95,https://parallel.life/cards/100200102
96,https://parallel.life/cards/100200103
97,https://parallel.life/cards/100200104
98,https://parallel.life/cards/100200105
99,https://parallel.life/cards/100200106
100,https://parallel.life/cards/100200107
101,https://parallel.life/cards/100200108
102,https://parallel.life/cards/100200109
103,https://parallel.life/cards/100200110
104,https://parallel.life/cards/100200111
105,https://parallel.life/cards/100200112
106,https://parallel.life/cards/100200113
107,https://parallel.life/cards/100200114
108,https://parallel.life/cards/100200115
109,https://parallel.life/cards/100200116
110,https://parallel.life/cards/100200117
111,https://parallel.life/cards/100200118
112,https://parallel.life/cards/100200119
113,https://parallel.life/cards/100200120
114,https://parallel.life/cards/100200121
115,https://parallel.life/cards/100200122
116,https://parallel.life/cards/100200123
117,https://parallel.life/cards/100200124
118,https://parallel.life/cards/100200125
119,https://parallel.life/cards/100200126
120,https://parallel.life/cards/100200127
121,https://parallel.life/cards/100200128
122,https://parallel.life/cards/100200129
123,https://parallel.life/cards/100200130
124,https://parallel.life/cards/100200131
125,https://parallel.life/cards/100200132
126,https://parallel.life/cards/100200133
127,https://parallel.life/cards/100200134
128,https://parallel.life/cards/100200135
129,https://parallel.life/cards/100200136
130,https://parallel.life/cards/100200137
131,https://parallel.life/cards/100200138
132,https://parallel.life/cards/100200139
133,https://parallel.life/cards/100200140
134,https://parallel.life/cards/100200141
135,https://parallel.life/cards/100200142
136,https://parallel.life/cards/100200143
137,https://parallel.life/cards/100200144
138,https://parallel.life/cards/100200145
139,https://parallel.life/cards/100200146
140,https://parallel.life/cards/100200147
141,https://parallel.life/cards/100200148
142,https://parallel.life/cards/100200149
143,https://parallel.life/cards/100200150
144,https://parallel.life/cards/100200151
145,https://parallel.life/cards/100200152
146,https://parallel.life/cards/100200153
147,https://parallel.life/cards/100200154
148,https://parallel.life/cards/100200155
149,https://parallel.life/cards/100200156
150,https://parallel.life/cards/100200157
151,https://parallel.life/cards/100200158
152,https://parallel.life/cards/100200159
153,https://parallel.life/cards/100200160
154,https://parallel.life/cards/100200161
155,https://parallel.life/cards/100200162
156,https://parallel.life/cards/100200163
157,https://parallel.life/cards/100200164
158,https://parallel.life/cards/100200165
159,https://parallel.life/cards/100200166
160,https://parallel.life/cards/100200167
161,https://parallel.life/cards/100200168
162,https://parallel.life/cards/100200169
163,https://parallel.life/cards/100200170
164,https://parallel.life/cards/100200171
165,https://parallel.life/cards/100200172
166,https://parallel.life/cards/100200173
167,https://parallel.life/cards/100200174
168,https://parallel.life/cards/100200175
169,https://parallel.life/cards/100200176
170,https://parallel.life/cards/100200177
171,https://parallel.life/cards/100200178
172,https://parallel.life/cards/100200179
173,https://parallel.life/cards/100200180
174,https://parallel.life/cards/100200181
175,https://parallel.life/cards/100200182
176,https://parallel.life/cards/100200183
177,https://parallel.life/cards/100200184
178,https://parallel.life/cards/100200185
179,https://parallel.life/cards/100200186
180,https://parallel.life/cards/100200187
181,https://parallel.life/cards/100200188
182,https://parallel.life/cards/100200189
183,https://parallel.life/cards/100200190
184,https://parallel.life/cards/100200191
185,https://parallel.life/cards/100200192
186,https://parallel.life/cards/100200193
187,https://parallel.life/cards/100200194
188,https://parallel.life/cards/100200195
189,https://parallel.life/cards/100200196
190,https://parallel.life/cards/100200197
191,https://parallel.life/cards/100200198
192,https://parallel.life/cards/100200199
193,https://parallel.life/cards/100200200
194,https://parallel.life/cards/100200201
195,https://parallel.life/cards/100200202
196,https://parallel.life/cards/100200203
197,https://parallel.life/cards/100200204
198,https://parallel.life/cards/100200205
199,https://parallel.life/cards/100200206
200,https://parallel.life/cards/100200207
201,https://parallel.life/cards/100200208
202,https://parallel.life/cards/100200209
203,https://parallel.life/cards/100200210
204,https://parallel.life/cards/100200211
205,https://parallel.life/cards/100200212
206,https://parallel.life/cards/100200213
207,https://parallel.life/cards/100200214
208,https://parallel.life/cards/100200215
209,https://parallel.life/cards/100200216
210,https://parallel.life/cards/100200217
211,https://parallel.life/cards/100200218
212,https://parallel.life/cards/100200219
213,https://parallel.life/cards/100200220
214,https://parallel.life/cards/100200221
215,https://parallel.life/cards/100200222
216,https://parallel.life/cards/100200223
217,https://parallel.life/cards/100200224
218,https://parallel.life/cards/100200225
219,https://parallel.life/cards/100200226
220,https://parallel.life/cards/100200227
221,https://parallel.life/cards/100200228
222,https://parallel.life/cards/100200229
223,https://parallel.life/cards/100200230
224,https://parallel.life/cards/100200231
225,https://parallel.life/cards/100200232
226,https://parallel.life/cards/100200233
227,https://parallel.life/cards/100200234
228,https://parallel.life/cards/100200235
229,https://parallel.life/cards/100200236
230,https://parallel.life/cards/100200237
231,https://parallel.life/cards/100200238
232,https://parallel.life/cards/100200239
233,https://parallel.life/cards/100200240
234,https://parallel.life/cards/100200241
235,https://parallel.life/cards/100200242
236,https://parallel.life/cards/100200243
237,https://parallel.life/cards/100200244
238,https://parallel.life/cards/100200245
239,https://parallel.life/cards/100200246
240,https://parallel.life/cards/100200247
241,https://parallel.life/cards/100200248
242,https://parallel.life/cards/100200249
243,https://parallel.life/cards/100200250
244,https://parallel.life/cards/100200251
245,https://parallel.life/cards/100200252
246,https://parallel.life/cards/100200253
247,https://parallel.life/cards/100200254
248,https://parallel.life/cards/100200255
249,https://parallel.life/cards/100200256
250,https://parallel.life/cards/100200257
251,https://parallel.life/cards/100200258
252,https://parallel.life/cards/100200259
253,https://parallel.life/cards/100200260
254,https://parallel.life/cards/100200261
255,https://parallel.life/cards/100200262
256,https://parallel.life/cards/100200263
257,https://parallel.life/cards/100200264
258,https://parallel.life/cards/100200265
259,https://parallel.life/cards/100200266
260,https://parallel.life/cards/100200267
261,https://parallel.life/cards/100200268
262,https://parallel.life/cards/100200269
263,https://parallel.life/cards/100200270
264,https://parallel.life/cards/100200271
265,https://parallel.life/cards/100200272
266,https://parallel.life/cards/100200273
267,https://parallel.life/cards/100200274
268,https://parallel.life/cards/100200275
269,https://parallel.life/cards/100200276
270,https://parallel.life/cards/100200277
271,https://parallel.life/cards/100200278
272,https://parallel.life/cards/100200279
273,https://parallel.life/cards/100200280
274,https://parallel.life/cards/100200281
275,https://parallel.life/cards/100200282
276,https://parallel.life/cards/100200283
277,https://parallel.life/cards/100200284
278,https://parallel.life/cards/100200285
279,https://parallel.life/cards/100200286
280,https://parallel.life/cards/100200287
281,https://parallel.life/cards/100200288
282,https://parallel.life/cards/100200289
283,https://parallel.life/cards/100200290
284,https://parallel.life/cards/100200291
285,https://parallel.life/cards/100200292
286,https://parallel.life/cards/100200293
287,https://parallel.life/cards/100200294
288,https://parallel.life/cards/100200295
289,https://parallel.life/cards/100200296
290,https://parallel.life/cards/100200297
291,https://parallel.life/cards/100200298
292,https://parallel.life/cards/100200299
293,https://parallel.life/cards/100200300
294,https://parallel.life/cards/100200301
295,https://parallel.life/cards/100200302
296,https://parallel.life/cards/100200303
297,https://parallel.life/cards/100200304
298,https://parallel.life/cards/100200305
299,https://parallel.life/cards/100200306
300,https://parallel.life/cards/100200307
301,https://parallel.life/cards/100200308
302,https://parallel.life/cards/100200309
303,https://parallel.life/cards/100200310
304,https://parallel.life/cards/100200311
305,https://parallel.life/cards/100200312
306,https://parallel.life/cards/100200313
307,https://parallel.life/cards/100200314
308,https://parallel.life/cards/100200315
309,https://parallel.life/cards/100200316
310,https://parallel.life/cards/100200317
311,https://parallel.life/cards/100200318
312,https://parallel.life/cards/100200319
313,https://parallel.life/cards/100200320
314,https://parallel.life/cards/100200321
315,https://parallel.life/cards/100200322
316,https://parallel.life/cards/100200323
317,https://parallel.life/cards/100200324
318,https://parallel.life/cards/100200325
319,https://parallel.life/cards/100200326
320,https://parallel.life/cards/100200327
321,https://parallel.life/cards/100200328
322,https://parallel.life/cards/100200329
323,https://parallel.life/cards/100200330
324,https://parallel.life/cards/100200331
325,https://parallel.life/cards/100200332
326,https://parallel.life/cards/100200333
327,https://parallel.life/cards/100200334
328,https://parallel.life/cards/100200335
329,https://parallel.life/cards/100200336
330,https://parallel.life/cards/100200337
331,https://parallel.life/cards/100200338
332,https://parallel.life/cards/100200339
333,https://parallel.life/cards/100200340
334,https://parallel.life/cards/100200341
335,https://parallel.life/cards/100200342
336,https://parallel.life/cards/100200343
337,https://parallel.life/cards/100200344
338,https://parallel.life/cards/100200345
339,https://parallel.life/cards/100200346
340,https://parallel.life/cards/100200347
341,https://parallel.life/cards/100200348
342,https://parallel.life/cards/100200349
343,https://parallel.life/cards/100200350
344,https://parallel.life/cards/100200351
345,https://parallel.life/cards/100200352
346,https://parallel.life/cards/100200353
347,https://parallel.life/cards/100200354
348,https://parallel.life/cards/100200355
349,https://parallel.life/cards/100200356
350,https://parallel.life/cards/100200357
351,https://parallel.life/cards/100200358
352,https://parallel.life/cards/100200359
353,https://parallel.life/cards/100200360
354,https://parallel.life/cards/100200361
355,https://parallel.life/cards/100200362
356,https://parallel.life/cards/100200363
357,https://parallel.life/cards/100200364
358,https://parallel.life/cards/100200365
359,https://parallel.life/cards/100200366
360,https://parallel.life/cards/100200367
361,https://parallel.life/cards/100200368
362,https://parallel.life/cards/100200369
363,https://parallel.life/cards/100200370
364,https://parallel.life/cards/100200371
365,https://parallel.life/cards/100200372
366,https://parallel.life/cards/100200373
367,https://parallel.life/cards/100200374
368,https://parallel.life/cards/100200375
369,https://parallel.life/cards/100200376
370,https://parallel.life/cards/100200377
371,https://parallel.life/cards/100200378
372,https://parallel.life/cards/100200379
373,https://parallel.life/cards/100200380
374,https://parallel.life/cards/100200381
375,https://parallel.life/cards/100200382
376,https://parallel.life/cards/100200383
377,https://parallel.life/cards/100200384
378,https://parallel.life/cards/100200385
379,https://parallel.life/cards/100200386
380,https://parallel.life/cards/100200387
381,https://parallel.life/cards/100200388
382,https://parallel.life/cards/100200389
383,https://parallel.life/cards/100200390
384,https://parallel.life/cards/100200391
385,https://parallel.life/cards/100200392
386,https://parallel.life/cards/100200393
387,https://parallel.life/cards/100200394
388,https://parallel.life/cards/100200395
389,https://parallel.life/cards/100200396
390,https://parallel.life/cards/100200397
391,https://parallel.life/cards/100200398
392,https://parallel.life/cards/100200399
393,https://parallel.life/cards/100200400
394,https://parallel.life/cards/100200401
395,https://parallel.life/cards/100200402
396,https://parallel.life/cards/100200403
397,https://parallel.life/cards/100200404
398,https://parallel.life/cards/100200405
399,https://parallel.life/cards/100200406
400,https://parallel.life/cards/100200407
401,https://parallel.life/cards/100200408
402,https://parallel.life/cards/100200409
403,https://parallel.life/cards/100200410
404,https://parallel.life/cards/100200411
405,https://parallel.life/cards/100200412
406,https://parallel.life/cards/100200413
407,https://parallel.life/cards/100200414
408,https://parallel.life/cards/100200415
409,https://parallel.life/cards/100200416
410,https://parallel.life/cards/100200417
411,https://parallel.life/cards/100200418
412,https://parallel.life/cards/100200419
413,https://parallel.life/cards/100200420
414,https://parallel.life/cards/100200421
415,https://parallel.life/cards/100200422
416,https://parallel.life/cards/100200423
417,https://parallel.life/cards/100200424
418,https://parallel.life/cards/100200425
419,https://parallel.life/cards/100200426
420,https://parallel.life/cards/100200427
421,https://parallel.life/cards/100200428
422,https://parallel.life/cards/100200429
423,https://parallel.life/cards/100200430
424,https://parallel.life/cards/100200431
425,https://parallel.life/cards/100200432
426,https://parallel.life/cards/100200433
427,https://parallel.life/cards/100200434
428,https://parallel.life/cards/100200435
429,https://parallel.life/cards/100200436
430,https://parallel.life/cards/100200437
431,https://parallel.life/cards/100200438
432,https://parallel.life/cards/100200439
433,https://parallel.life/cards/100200440
434,https://parallel.life/cards/100200441
435,https://parallel.life/cards/100200442
436,https://parallel.life/cards/100200443
437,https://parallel.life/cards/100200444
438,https://parallel.life/cards/100200445
439,https://parallel.life/cards/100200446
440,https://parallel.life/cards/100200447
441,https://parallel.life/cards/100200448
442,https://parallel.life/cards/100200449
443,https://parallel.life/cards/100200450
444,https://parallel.life/cards/100200451
445,https://parallel.life/cards/100200452
446,https://parallel.life/cards/100200453
447,https://parallel.life/cards/100200454
448,https://parallel.life/cards/100200455
449,https://parallel.life/cards/100200456
450,https://parallel.life/cards/100200457
451,https://parallel.life/cards/100200458
452,https://parallel.life/cards/100200459
453,https://parallel.life/cards/100200460
454,https://parallel.life/cards/100200461
455,https://parallel.life/cards/100200462
456,https://parallel.life/cards/100200463
457,https://parallel.life/cards/100200464
458,https://parallel.life/cards/100200465
459,https://parallel.life/cards/100200466
460,https://parallel.life/cards/100200467
461,https://parallel.life/cards/100200468
462,https://parallel.life/cards/100200469
463,https://parallel.life/cards/100200470
464,https://parallel.life/cards/100200471
465,https://parallel.life/cards/100200472
466,https://parallel.life/cards/100200473
467,https://parallel.life/cards/100200474
468,https://parallel.life/cards/100200475
469,https://parallel.life/cards/100200476
470,https://parallel.life/cards/100200477
471,https://parallel.life/cards/100200478
472,https://parallel.life/cards/100200479
473,https://parallel.life/cards/100200480
474,https://parallel.life/cards/100200481
475,https://parallel.life/cards/100200482
476,https://parallel.life/cards/100200483
477,https://parallel.life/cards/100200484
478,https://parallel.life/cards/100200485
479,https://parallel.life/cards/100200486
480,https://parallel.life/cards/100200487
481,https://parallel.life/cards/100200488
482,https://parallel.life/cards/100200489
483,https://parallel.life/cards/100200490
484,https://parallel.life/cards/100200491
485,https://parallel.life/cards/100200492
486,https://parallel.life/cards/100200493
487,https://parallel.life/cards/100200494
488,https://parallel.life/cards/100200495
489,https://parallel.life/cards/100200496
490,https://parallel.life/cards/100200497
491,https://parallel.life/cards/100200498
492,https://parallel.life/cards/100200499
493,https://parallel.life/cards/100200500
494,https://parallel.life/cards/100200501
495,https://parallel.life/cards/100200502
496,https://parallel.life/cards/100200503
497,https://parallel.life/cards/100200504
498,https://parallel.life/cards/100200505
499,https://parallel.life/cards/100200506
500,https://parallel.life/cards/100200507
501,https://parallel.life/cards/100200508
502,https://parallel.life/cards/100200509
503,https://parallel.life/cards/100200510
504,https://parallel.life/cards/100200511
505,https://parallel.life/cards/100200512
506,https://parallel.life/cards/100200513
507,https://parallel.life/cards/100200514
508,https://parallel.life/cards/100200515
509,https://parallel.life/cards/100200516
510,https://parallel.life/cards/100200517
511,https://parallel.life/cards/100200518
512,https://parallel.life/cards/100200519
513,https://parallel.life/cards/100200520
514,https://parallel.life/cards/100200521
515,https://parallel.life/cards/100200522
516,https://parallel.life/cards/100200523
517,https://parallel.life/cards/100200524
518,https://parallel.life/cards/100200525
519,https://parallel.life/cards/100200526
520,https://parallel.life/cards/100200527
521,https://parallel.life/cards/100200528
522,https://parallel.life/cards/100200529
523,https://parallel.life/cards/100200530
524,https://parallel.life/cards/100200531
525,https://parallel.life/cards/100200532
526,https://parallel.life/cards/100200533
527,https://parallel.life/cards/100200534
528,https://parallel.life/cards/100200535
529,https://parallel.life/cards/100200536
530,https://parallel.life/cards/100200537
531,https://parallel.life/cards/100200538
532,https://parallel.life/cards/100200539
533,https://parallel.life/cards/100200540
534,https://parallel.life/cards/100200541
535,https://parallel.life/cards/100200542
536,https://parallel.life/cards/100200543
537,https://parallel.life/cards/100200544
538,https://parallel.life/cards/100200545
539,https://parallel.life/cards/100200546
540,https://parallel.life/cards/100200547
541,https://parallel.life/cards/100200548
542,https://parallel.life/cards/100200549
543,https://parallel.life/cards/100200550
544,https://parallel.life/cards/100200551
545,https://parallel.life/cards/100200552
546,https://parallel.life/cards/100200553
547,https://parallel.life/cards/100200554
548,https://parallel.life/cards/100200555
549,https://parallel.life/cards/100200556
550,https://parallel.life/cards/100200557
